,coefficent,a,b,c,d
EE,0.00127,30,0,0,0
OP,0.29034,120,24000,0,0
BS,0.05546,0,25,0,0
FI,0.06382,0,200,0,500
